slug,is_pass
two-sum,1
palindrome-number,1
roman-to-integer,1
longest-common-prefix,1
valid-parentheses,1
merge-two-sorted-lists,1
remove-duplicates-from-sorted-array,1
remove-element,1
find-the-index-of-the-first-occurrence-in-a-string,1
search-insert-position,1
length-of-last-word,1
plus-one,1
add-binary,1
sqrtx,1
climbing-stairs,1
remove-duplicates-from-sorted-list,1
merge-sorted-array,1
binary-tree-inorder-traversal,1
same-tree,1
find-common-characters,1
maximize-sum-of-array-after-k-negations,1
complement-of-base-10-integer,0
symmetric-tree,1
partition-array-into-three-parts-with-equal-sum,1
binary-prefix-divisible-by-5,1
remove-outermost-parentheses,0
sum-of-root-to-leaf-binary-numbers,1
divisor-game,1
matrix-cells-in-distance-order,1
valid-boomerang,1
maximum-depth-of-binary-tree,1
last-stone-weight,1
remove-all-adjacent-duplicates-in-string,1
height-checker,1
greatest-common-divisor-of-strings,1
occurrences-after-bigram,1
convert-sorted-array-to-binary-search-tree,1
duplicate-zeros,1
balanced-binary-tree,1
distribute-candies-to-people,1
defanging-an-ip-address,1
minimum-depth-of-binary-tree,1
print-in-order,1
path-sum,1
relative-sort-array,1
number-of-equivalent-domino-pairs,1
n-th-tribonacci-number,1
day-of-the-year,1
find-words-that-can-be-formed-by-characters,1
prime-arrangements,1
pascals-triangle,1
distance-between-bus-stops,1
day-of-the-week,1
maximum-number-of-balloons,1
pascals-triangle-ii,1
minimum-absolute-difference,1
unique-number-of-occurrences,1
best-time-to-buy-and-sell-stock,1
minimum-cost-to-move-chips-to-the-same-position,1
split-a-string-in-balanced-strings,1
check-if-it-is-a-straight-line,1
valid-palindrome,1
cells-with-odd-values-in-a-matrix,1
shift-2d-grid,1
minimum-time-visiting-all-points,1
find-winner-on-a-tic-tac-toe-game,1
subtract-the-product-and-sum-of-digits-of-an-integer,1
element-appearing-more-than-25-in-sorted-array,1
convert-binary-number-in-a-linked-list-to-integer,1
find-numbers-with-even-number-of-digits,1
replace-elements-with-greatest-element-on-right-side,1
find-n-unique-integers-sum-up-to-zero,1
decrypt-string-from-alphabet-to-integer-mapping,1
decompress-run-length-encoded-list,1
convert-integer-to-the-sum-of-two-no-zero-integers,1
maximum-69-number,1
rank-transform-of-an-array,1
remove-palindromic-subsequences,1
the-k-weakest-rows-in-a-matrix,1
number-of-steps-to-reduce-a-number-to-zero,1
check-if-n-and-its-double-exist,1
count-negative-numbers-in-a-sorted-matrix,1
sort-integers-by-the-number-of-1-bits,1
single-number,1
number-of-days-between-two-dates,1
how-many-numbers-are-smaller-than-the-current-number,1
increasing-decreasing-string,1
generate-a-string-with-characters-that-have-odd-counts,1
find-a-corresponding-node-of-a-binary-tree-in-a-clone-of-that-tree,1
lucky-numbers-in-a-matrix,1
find-the-distance-value-between-two-arrays,1
create-target-array-in-the-given-order,1
find-lucky-integer-in-an-array,1
count-largest-group,1
minimum-subsequence-in-non-increasing-order,1
string-matching-in-an-array,1
linked-list-cycle,1
minimum-value-to-get-positive-step-by-step-sum,1
reformat-the-string,1
maximum-score-after-splitting-a-string,1
kids-with-the-greatest-number-of-candies,1
destination-city,1
check-if-all-1s-are-at-least-length-k-places-away,1
binary-tree-preorder-traversal,1
consecutive-characters,1
binary-tree-postorder-traversal,1
number-of-students-doing-homework-at-a-given-time,1
check-if-a-word-occurs-as-a-prefix-of-any-word-in-a-sentence,1
make-two-arrays-equal-by-reversing-subarrays,1
maximum-product-of-two-elements-in-an-array,1
shuffle-the-array,1
final-prices-with-a-special-discount-in-a-shop,1
running-sum-of-1d-array,1
xor-operation-in-an-array,1
average-salary-excluding-the-minimum-and-maximum-salary,1
path-crossing,1
can-make-arithmetic-progression-from-sequence,1
reformat-date,1
number-of-good-pairs,1
water-bottles,1
count-odd-numbers-in-an-interval-range,1
shuffle-string,1
count-good-triplets,1
kth-missing-positive-number,0
make-the-string-great,1
three-consecutive-odds,1
thousand-separator,1
most-visited-sector-in-a-circular-track,1
detect-pattern-of-length-m-repeated-k-or-more-times,1
matrix-diagonal-sum,1
replace-all-s-to-avoid-consecutive-repeating-characters,1
special-positions-in-a-binary-matrix,1
sum-of-all-odd-length-subarrays,1
rearrange-spaces-between-words,1
crawler-log-folder,1
intersection-of-two-linked-lists,1
design-parking-system,1
special-array-with-x-elements-greater-than-or-equal-x,0
maximum-nesting-depth-of-the-parentheses,1
mean-of-array-after-removing-some-elements,1
largest-substring-between-two-equal-characters,0
slowest-key,1
sort-array-by-increasing-frequency,1
check-array-formation-through-concatenation,0
get-maximum-in-generated-array,1
defuse-the-bomb,1
design-an-ordered-stream,1
check-if-two-string-arrays-are-equivalent,1
maximum-repeating-substring,1
richest-customer-wealth,1
goal-parser-interpretation,1
excel-sheet-column-title,1
count-the-number-of-consistent-strings,1
count-of-matches-in-tournament,1
majority-element,1
reformat-phone-number,1
number-of-students-unable-to-eat-lunch,0
determine-if-string-halves-are-alike,1
excel-sheet-column-number,1
maximum-units-on-a-truck,1
calculate-money-in-leetcode-bank,1
decode-xored-array,1
number-of-rectangles-that-can-form-the-largest-square,1
find-the-highest-altitude,1
latest-time-by-replacing-hidden-digits,1
maximum-number-of-balls-in-a-box,1
sum-of-unique-elements,1
check-if-array-is-sorted-and-rotated,1
minimum-changes-to-make-alternating-binary-string,1
longest-nice-substring,1
merge-strings-alternately,1
count-items-matching-a-rule,1
find-nearest-point-that-has-the-same-x-or-y-coordinate,1
check-if-binary-string-has-at-most-one-segment-of-ones,1
check-if-one-string-swap-can-make-strings-equal,1
find-center-of-star-graph,1
second-largest-digit-in-a-string,1
maximum-ascending-subarray-sum,1
number-of-different-integers-in-a-string,1
determine-color-of-a-chessboard-square,1
truncate-sentence,1
sign-of-the-product-of-an-array,1
minimum-operations-to-make-the-array-increasing,1
check-if-the-sentence-is-pangram,1
sum-of-digits-in-base-k,1
replace-all-digits-with-characters,1
minimum-distance-to-the-target-element,1
maximum-population-year,1
sorting-the-sentence,1
sum-of-all-subset-xor-totals,1
longer-contiguous-segments-of-ones-than-zeros,1
substrings-of-size-three-with-distinct-characters,1
check-if-word-equals-summation-of-two-words,1
determine-whether-matrix-can-be-obtained-by-rotation,1
check-if-all-the-integers-in-a-range-are-covered,1
redistribute-characters-to-make-all-strings-equal,1
reverse-bits,1
largest-odd-number-in-string,1
remove-one-element-to-make-the-array-strictly-increasing,1
number-of-1-bits,1
maximum-product-difference-between-two-pairs,1
build-array-from-permutation,1
count-square-sum-triples,1
concatenation-of-array,1
maximum-number-of-words-you-can-type,1
check-if-all-characters-have-equal-number-of-occurrences,1
sum-of-digits-of-string-after-convert,1
three-divisors,1
delete-characters-to-make-fancy-string,1
check-if-string-is-a-prefix-of-array,1
number-of-strings-that-appear-as-substrings-in-word,1
find-if-path-exists-in-graph,1
minimum-time-to-type-word-using-special-typewriter,1
find-greatest-common-divisor-of-array,1
minimum-difference-between-highest-and-lowest-of-k-scores,1
find-the-middle-index-in-array,1
count-special-quadruplets,1
reverse-prefix-of-word,1
count-number-of-pairs-with-absolute-difference-k,1
final-value-of-variable-after-performing-operations,1
maximum-difference-between-increasing-elements,1
happy-number,1
convert-1d-array-into-2d-array,1
minimum-moves-to-convert-string,1
remove-linked-list-elements,1
two-out-of-three,1
minimum-number-of-moves-to-seat-everyone,1
check-if-numbers-are-ascending-in-a-sentence,1
number-of-valid-words-in-a-sentence,1
isomorphic-strings,1
kth-distinct-string-in-an-array,1
smallest-index-with-equal-value,1
reverse-linked-list,1
count-vowel-substrings-of-a-string,1
check-whether-two-strings-are-almost-equivalent,0
time-needed-to-buy-tickets,0
two-furthest-houses-with-different-colors,1
count-common-words-with-one-occurrence,1
find-target-indices-after-sorting-array,0
finding-3-digit-even-numbers,1
find-subsequence-of-length-k-with-the-largest-sum,0
rings-and-rods,1
find-first-palindromic-string-in-the-array,1
maximum-number-of-words-found-in-sentences,1
a-number-after-a-double-reversal,0
check-if-all-as-appears-before-all-bs,0
capitalize-the-title,1
check-if-every-row-and-column-contains-all-numbers,1
divide-a-string-into-groups-of-size-k,1
minimum-cost-of-buying-candies-with-discount,0
count-elements-with-strictly-smaller-and-greater-elements,1
keep-multiplying-found-values-by-two,1
minimum-sum-of-four-digit-number-after-splitting-digits,0
sort-even-and-odd-indices-independently,1
count-operations-to-obtain-zero,1
contains-duplicate,1
count-equal-and-divisible-pairs-in-an-array,0
count-integers-with-even-digit-sum,1
counting-words-with-a-given-prefix,1
contains-duplicate-ii,1
most-frequent-number-following-key-in-an-array,1
cells-in-a-range-on-an-excel-sheet,0
find-all-k-distant-indices-in-an-array,0
divide-array-into-equal-pairs,1
count-hills-and-valleys-in-an-array,0
find-the-difference-of-two-arrays,1
minimum-bit-flips-to-convert-number,0
minimum-number-of-operations-to-convert-time,1
largest-number-after-digit-swaps-by-parity,1
add-two-integers,1
root-equals-sum-of-children,1
find-closest-number-to-zero,1
calculate-digit-sum-of-a-string,1
intersection-of-multiple-arrays,1
implement-stack-using-queues,1
count-prefixes-of-a-given-string,1
remove-digit-from-number-to-maximize-result,1
invert-binary-tree,1
largest-3-same-digit-number-in-string,1
find-the-k-beauty-of-a-number,1
find-resultant-array-after-removing-anagrams,0
percentage-of-letter-in-string,1
summary-ranges,1
check-if-number-has-equal-digit-count-and-digit-value,1
rearrange-characters-to-make-target-string,0
min-max-game,1
strong-password-checker-ii,1
calculate-amount-paid-in-taxes,1
greatest-english-letter-in-upper-and-lower-case,0
power-of-two,1
count-asterisks,0
check-if-matrix-is-x-matrix,0
implement-queue-using-stacks,1
decode-the-message,0
evaluate-boolean-binary-tree,1
minimum-amount-of-time-to-fill-cups,0
palindrome-linked-list,1
maximum-number-of-pairs-in-array,1
best-poker-hand,0
first-letter-to-appear-twice,1
make-array-zero-by-subtracting-equal-amounts,0
merge-similar-items,1
number-of-arithmetic-triplets,0
largest-local-values-in-a-matrix,1
minimum-recolors-to-get-k-consecutive-black-blocks,0
minimum-hours-of-training-to-win-a-competition,0
longest-subsequence-with-limited-sum,1
find-subarrays-with-equal-sum,0
check-distances-between-same-letters,1
most-frequent-even-element,1
count-days-spent-together,0
smallest-even-multiple,1
sort-the-people,1
valid-anagram,1
remove-letter-to-equalize-frequency,0
number-of-common-factors,1
the-employee-that-worked-on-the-longest-task,0
number-of-valid-clock-times,0
largest-positive-integer-that-exists-with-its-negative,1
determine-if-two-events-have-conflict,0
odd-string-difference,0
average-value-of-even-numbers-that-are-divisible-by-three,1
apply-operations-to-an-array,1
number-of-distinct-averages,1
convert-the-temperature,1
number-of-unequal-triplets-in-array,1
minimum-cuts-to-divide-a-circle,1
find-the-pivot-integer,1
circular-sentence,1
maximum-value-of-a-string-in-an-array,1
delete-greatest-value-in-each-row,0
count-pairs-of-similar-strings,0
maximum-enemy-forts-that-can-be-captured,0
shortest-distance-to-target-string-in-a-circular-array,1
count-the-digits-that-divide-a-number,1
categorize-box-according-to-criteria,0
maximum-count-of-positive-integer-and-negative-integer,1
difference-between-element-sum-and-digit-sum-of-an-array,1
minimum-common-value,1
alternating-digit-sum,1
count-distinct-numbers-on-board,0
separate-the-digits-in-an-array,1
take-gifts-from-the-richest-pile,0
find-the-array-concatenation-value,1
maximum-difference-by-remapping-a-digit,0
binary-tree-paths,1
merge-two-2d-arrays-by-summing-values,1
left-and-right-sum-differences,1
split-with-minimum-sum,1
add-digits,1
pass-the-pillow,1
count-the-number-of-vowel-strings-in-range,1
distribute-money-to-maximum-children,0
number-of-even-and-odd-bits,0
k-items-with-the-maximum-sum,1
form-smallest-number-from-two-digit-arrays,1
find-the-longest-balanced-substring-of-a-binary-string,0
prime-in-diagonal,1
ugly-number,1
missing-number,1
first-bad-version,1
move-zeroes,1
word-pattern,1
nim-game,1
range-sum-query-immutable,1
power-of-three,1
counting-bits,1
power-of-four,1
reverse-string,1
reverse-vowels-of-a-string,1
intersection-of-two-arrays,1
intersection-of-two-arrays-ii,1
valid-perfect-square,1
guess-number-higher-or-lower,1
ransom-note,1
first-unique-character-in-a-string,1
find-the-difference,1
is-subsequence,1
binary-watch,1
sum-of-left-leaves,1
convert-a-number-to-hexadecimal,1
longest-palindrome,1
fizz-buzz,1
third-maximum-number,1
add-strings,0
number-of-segments-in-a-string,1
arranging-coins,0
find-all-numbers-disappeared-in-an-array,1
assign-cookies,1
repeated-substring-pattern,1
hamming-distance,1
island-perimeter,1
number-complement,1
license-key-formatting,1
max-consecutive-ones,1
construct-the-rectangle,1
teemo-attacking,1
next-greater-element-i,0
keyboard-row,1
find-mode-in-binary-search-tree,1
base-7,1
relative-ranks,1
perfect-number,1
fibonacci-number,1
detect-capital,1
longest-uncommon-subsequence-i,1
minimum-absolute-difference-in-bst,1
reverse-string-ii,1
diameter-of-binary-tree,1
student-attendance-record-i,1
reverse-words-in-a-string-iii,1
maximum-depth-of-n-ary-tree,1
array-partition,1
binary-tree-tilt,1
reshape-the-matrix,1
subtree-of-another-tree,1
distribute-candies,1
n-ary-tree-preorder-traversal,1
n-ary-tree-postorder-traversal,1
longest-harmonious-subsequence,1
range-addition-ii,1
minimum-index-sum-of-two-lists,1
can-place-flowers,1
construct-string-from-binary-tree,1
merge-two-binary-trees,1
maximum-product-of-three-numbers,1
average-of-levels-in-binary-tree,1
maximum-average-subarray-i,1
set-mismatch,1
two-sum-iv-input-is-a-bst,1
robot-return-to-origin,1
image-smoother,1
second-minimum-node-in-a-binary-tree,0
longest-continuous-increasing-subsequence,1
valid-palindrome-ii,1
baseball-game,1
binary-number-with-alternating-bits,1
count-binary-substrings,1
degree-of-an-array,1
search-in-a-binary-search-tree,1
kth-largest-element-in-a-stream,1
binary-search,1
design-hashset,1
design-hashmap,1
to-lower-case,1
1-bit-and-2-bit-characters,1
find-pivot-index,1
self-dividing-numbers,1
flood-fill,1
find-smallest-letter-greater-than-target,1
min-cost-climbing-stairs,0
largest-number-at-least-twice-of-others,1
shortest-completing-word,1
prime-number-of-set-bits-in-binary-representation,1
toeplitz-matrix,1
jewels-and-stones,1
minimum-distance-between-bst-nodes,1
rotate-string,1
unique-morse-code-words,1
number-of-lines-to-write-string,1
largest-triangle-area,1
most-common-word,1
shortest-distance-to-a-character,1
goat-latin,1
positions-of-large-groups,1
flipping-an-image,1
rectangle-overlap,1
backspace-string-compare,1
buddy-strings,1
lemonade-change,1
transpose-matrix,1
binary-gap,1
leaf-similar-trees,1
middle-of-the-linked-list,1
projection-area-of-3d-shapes,0
uncommon-words-from-two-sentences,1
fair-candy-swap,1
surface-area-of-3d-shapes,1
monotonic-array,1
increasing-order-search-tree,1
sort-array-by-parity,1
smallest-range-i,1
x-of-a-kind-in-a-deck-of-cards,1
reverse-only-letters,1
sort-array-by-parity-ii,1
long-pressed-name,1
unique-email-addresses,1
number-of-recent-calls,1
range-sum-of-bst,1
valid-mountain-array,1
di-string-match,1
delete-columns-to-make-sorted,1
verifying-an-alien-dictionary,1
n-repeated-element-in-size-2n-array,1
univalued-binary-tree,1
largest-perimeter-triangle,1
squares-of-a-sorted-array,1
add-to-array-form-of-integer,1
cousins-in-binary-tree,1
find-the-town-judge,1
available-captures-for-rook,1
add-two-numbers,1
longest-substring-without-repeating-characters,1
longest-palindromic-substring,1
zigzag-conversion,1
reverse-integer,1
string-to-integer-atoi,1
container-with-most-water,1
integer-to-roman,1
3sum,1
3sum-closest,1
letter-combinations-of-a-phone-number,1
4sum,1
remove-nth-node-from-end-of-list,1
generate-parentheses,1
swap-nodes-in-pairs,0
divide-two-integers,1
next-permutation,1
search-in-rotated-sorted-array,1
find-first-and-last-position-of-element-in-sorted-array,1
valid-sudoku,1
count-and-say,1
combination-sum,1
combination-sum-ii,1
multiply-strings,0
jump-game-ii,1
permutations,1
permutations-ii,1
rotate-image,1
group-anagrams,1
powx-n,1
maximum-subarray,1
spiral-matrix,1
jump-game,1
merge-intervals,1
insert-interval,1
spiral-matrix-ii,1
rotate-list,1
unique-paths,1
unique-paths-ii,1
minimum-path-sum,1
simplify-path,1
set-matrix-zeroes,1
search-a-2d-matrix,1
sort-colors,1
combinations,1
subsets,1
word-search,1
remove-duplicates-from-sorted-array-ii,1
search-in-rotated-sorted-array-ii,1
remove-duplicates-from-sorted-list-ii,1
partition-list,1
gray-code,1
subsets-ii,0
decode-ways,1
reverse-linked-list-ii,1
restore-ip-addresses,1
unique-binary-search-trees-ii,1
unique-binary-search-trees,1
interleaving-string,1
validate-binary-search-tree,1
recover-binary-search-tree,1
check-if-word-is-valid-after-substitutions,1
max-consecutive-ones-iii,0
clumsy-factorial,1
minimum-domino-rotations-for-equal-row,0
construct-binary-search-tree-from-preorder-traversal,1
pairs-of-songs-with-total-durations-divisible-by-60,1
capacity-to-ship-packages-within-d-days,1
best-sightseeing-pair,1
smallest-integer-divisible-by-k,1
binary-string-with-substrings-representing-1-to-n,1
convert-to-base-2,1
next-greater-node-in-linked-list,1
binary-tree-level-order-traversal,1
number-of-enclaves,1
camelcase-matching,1
video-stitching,1
maximum-difference-between-node-and-ancestor,1
longest-arithmetic-subsequence,1
two-city-scheduling,1
binary-tree-zigzag-level-order-traversal,0
maximum-sum-of-two-non-overlapping-subarrays,1
moving-stones-until-consecutive,0
coloring-a-border,0
uncrossed-lines,1
binary-search-tree-to-greater-sum-tree,1
minimum-score-triangulation-of-polygon,1
moving-stones-until-consecutive-ii,1
robot-bounded-in-circle,1
flower-planting-with-no-adjacent,1
partition-array-for-maximum-sum,1
longest-string-chain,1
last-stone-weight-ii,1
construct-binary-tree-from-preorder-and-inorder-traversal,1
grumpy-bookstore-owner,1
previous-permutation-with-one-swap,1
distant-barcodes,1
construct-binary-tree-from-inorder-and-postorder-traversal,1
lexicographically-smallest-equivalent-string,1
binary-tree-level-order-traversal-ii,1
flip-columns-for-maximum-number-of-equal-rows,1
adding-two-negabinary-numbers,0
letter-tile-possibilities,1
insufficient-nodes-in-root-to-leaf-paths,1
smallest-subsequence-of-distinct-characters,1
convert-sorted-list-to-binary-search-tree,1
largest-values-from-labels,1
shortest-path-in-binary-matrix,1
statistics-from-a-large-sample,1
car-pooling,1
path-in-zigzag-labelled-binary-tree,1
filling-bookcase-shelves,1
corporate-flight-bookings,1
delete-nodes-and-return-forest,1
maximum-nesting-depth-of-two-valid-parentheses-strings,0
print-foobar-alternately,0
print-zero-even-odd,0
building-h2o,1
lowest-common-ancestor-of-deepest-leaves,1
longest-well-performing-interval,1
shortest-path-with-alternating-colors,1
path-sum-ii,1
minimum-cost-tree-from-leaf-values,1
maximum-of-absolute-value-expression,1
alphabet-board-path,0
largest-1-bordered-square,0
flatten-binary-tree-to-linked-list,1
stone-game-ii,0
longest-common-subsequence,1
decrease-elements-to-make-array-zigzag,0
binary-tree-coloring-game,0
snapshot-array,1
number-of-dice-rolls-with-target-sum,1
swap-for-longest-repeated-character-substring,0
populating-next-right-pointers-in-each-node,1
maximum-level-sum-of-a-binary-tree,1
as-far-from-land-as-possible,1
invalid-transactions,1
populating-next-right-pointers-in-each-node-ii,0
compare-strings-by-frequency-of-the-smallest-character,1
remove-zero-sum-consecutive-nodes-from-linked-list,0
can-make-palindrome-from-substring,1
maximum-subarray-sum-with-one-deletion,0
reverse-substrings-between-each-pair-of-parentheses,1
k-concatenation-maximum-sum,1
fizz-buzz-multithreaded,0
triangle,1
ugly-number-iii,1
smallest-string-with-swaps,1
get-equal-substrings-within-budget,1
remove-all-adjacent-duplicates-in-string-ii,1
longest-arithmetic-subsequence-of-given-difference,1
path-with-maximum-gold,1
best-time-to-buy-and-sell-stock-ii,1
queens-that-can-attack-the-king,1
the-dining-philosophers,0
airplane-seat-assignment-probability,1
remove-sub-folders-from-the-filesystem,0
replace-the-substring-for-balanced-string,1
find-positive-integer-solution-for-a-given-equation,1
circular-permutation-in-binary-representation,1
maximum-length-of-a-concatenated-string-with-unique-characters,1
minimum-swaps-to-make-strings-equal,1
count-number-of-nice-subarrays,0
minimum-remove-to-make-valid-parentheses,1
reconstruct-a-2-row-binary-matrix,1
number-of-closed-islands,1
find-elements-in-a-contaminated-binary-tree,1
greatest-sum-divisible-by-three,0
count-servers-that-communicate,1
search-suggestions-system,1
number-of-burgers-with-no-waste-of-ingredients,1
count-square-submatrices-with-all-ones,1
longest-consecutive-sequence,1
group-the-people-given-the-group-size-they-belong-to,0
find-the-smallest-divisor-given-a-threshold,1
iterator-for-combination,1
remove-covered-intervals,1
sum-root-to-leaf-numbers,1
sequential-digits,1
maximum-side-length-of-a-square-with-sum-less-than-or-equal-to-threshold,0
divide-array-in-sets-of-k-consecutive-numbers,0
maximum-number-of-occurrences-of-a-substring,1
surrounded-regions,1
sum-of-mutated-array-closest-to-target,1
deepest-leaves-sum,1
all-elements-in-two-binary-search-trees,1
jump-game-iii,1
palindrome-partitioning,1
xor-queries-of-a-subarray,1
get-watched-videos-by-your-friends,0
matrix-block-sum,1
sum-of-nodes-with-even-valued-grandparent,1
minimum-flips-to-make-a-or-b-equal-to-c,1
number-of-operations-to-make-network-connected,1
print-words-vertically,0
delete-leaves-with-a-given-value,1
break-a-palindrome,1
sort-the-matrix-diagonally,1
clone-graph,0
filter-restaurants-by-vegan-friendly-price-and-distance,1
find-the-city-with-the-smallest-number-of-neighbors-at-a-threshold-distance,1
reduce-array-size-to-the-half,1
maximum-product-of-splitted-binary-tree,1
gas-station,1
number-of-sub-arrays-of-size-k-and-average-greater-than-or-equal-to-threshold,1
angle-between-hands-of-a-clock,1
minimum-number-of-steps-to-make-two-strings-anagram,0
tweet-counts-per-frequency,0
product-of-the-last-k-numbers,1
maximum-number-of-events-that-can-be-attended,1
apply-discount-every-n-orders,1
number-of-substrings-containing-all-three-characters,1
validate-binary-tree-nodes,0
closest-divisors,0
rank-teams-by-votes,1
linked-list-in-binary-tree,1
single-number-ii,1
find-the-longest-substring-containing-vowels-in-even-counts,1
longest-zigzag-path-in-a-binary-tree,0
number-of-times-binary-string-is-prefix-aligned,1
time-needed-to-inform-all-employees,1
copy-list-with-random-pointer,1
design-a-stack-with-increment-operation,1
balance-a-binary-search-tree,1
cinema-seat-allocation,1
sort-integers-by-the-power-value,1
word-break,1
four-divisors,1
check-if-there-is-a-valid-path-in-a-grid,1
count-number-of-teams,1
design-underground-system,1
construct-k-palindrome-strings,1
circle-and-rectangle-overlapping,1
number-of-steps-to-reduce-a-number-in-binary-representation-to-one,1
longest-happy-string,0
queries-on-a-permutation-with-key,1
html-entity-parser,1
find-the-minimum-number-of-fibonacci-numbers-whose-sum-is-k,1
the-k-th-lexicographical-string-of-all-happy-strings-of-length-n,1
display-table-of-food-orders-in-a-restaurant,1
minimum-number-of-frogs-croaking,0
linked-list-cycle-ii,1
maximum-points-you-can-obtain-from-cards,1
diagonal-traverse-ii,0
reorder-list,1
max-difference-you-can-get-from-changing-an-integer,0
check-if-a-string-can-break-another-string,1
longest-continuous-subarray-with-absolute-diff-less-than-or-equal-to-limit,1
build-an-array-with-stack-operations,1
count-triplets-that-can-form-two-arrays-of-equal-xor,1
minimum-time-to-collect-all-apples-in-a-tree,0
simplified-fractions,1
count-good-nodes-in-binary-tree,1
rearrange-words-in-a-sentence,1
people-whose-list-of-favorite-companies-is-not-a-subset-of-another-list,1
maximum-number-of-vowels-in-a-substring-of-given-length,1
pseudo-palindromic-paths-in-a-binary-tree,1
lru-cache,1
check-if-a-string-contains-all-binary-codes-of-size-k,1
course-schedule-iv,1
maximum-area-of-a-piece-of-cake-after-horizontal-and-vertical-cuts,1
reorder-routes-to-make-all-paths-lead-to-the-city-zero,1
insertion-sort-list,1
the-k-strongest-values-in-an-array,1
design-browser-history,1
subrectangle-queries,1
find-two-non-overlapping-sub-arrays-each-with-target-sum,0
sort-list,1
least-number-of-unique-integers-after-k-removals,0
minimum-number-of-days-to-make-m-bouquets,1
making-file-names-unique,1
avoid-flood-in-the-city,1
the-kth-factor-of-n,1
longest-subarray-of-1s-after-deleting-one-element,0
check-if-array-pairs-are-divisible-by-k,1
number-of-subsequences-that-satisfy-the-given-sum-condition,1
evaluate-reverse-polish-notation,1
last-moment-before-all-ants-fall-out-of-a-plank,1
count-submatrices-with-all-ones,1
range-sum-of-sorted-subarray-sums,1
minimum-difference-between-largest-and-smallest-value-in-three-moves,0
reverse-words-in-a-string,1
number-of-substrings-with-only-1s,1
path-with-maximum-probability,1
number-of-nodes-in-the-sub-tree-with-the-same-label,1
maximum-product-subarray,1
number-of-sub-arrays-with-odd-sum,0
number-of-good-ways-to-split-a-string,0
minimum-suffix-flips,1
find-minimum-in-rotated-sorted-array,1
number-of-good-leaf-nodes-pairs,0
find-the-winner-of-an-array-game,1
minimum-swaps-to-arrange-a-binary-grid,0
can-convert-string-in-k-moves,1
minimum-insertions-to-balance-a-parentheses-string,0
find-kth-bit-in-nth-binary-string,1
maximum-number-of-non-overlapping-subarrays-with-sum-equals-target,0
min-stack,1
minimum-operations-to-make-array-equal,1
magnetic-force-between-two-balls,1
minimum-number-of-vertices-to-reach-all-nodes,1
minimum-numbers-of-function-calls-to-make-target-array,0
detect-cycles-in-2d-grid,1
maximum-number-of-coins-you-can-get,1
find-latest-group-of-size-m,1
maximum-length-of-subarray-with-positive-product,1
number-of-ways-to-split-a-string,0
shortest-subarray-to-be-removed-to-make-array-sorted,1
number-of-ways-where-square-of-number-is-equal-to-product-of-two-numbers,1
minimum-time-to-make-rope-colorful,0
count-unhappy-friends,0
min-cost-to-connect-all-points,1
maximum-sum-obtained-of-any-permutation,1
make-sum-divisible-by-p,1
split-a-string-into-the-max-number-of-unique-substrings,1
maximum-non-negative-product-in-a-matrix,0
maximum-profit-of-operating-a-centennial-wheel,1
throne-inheritance,1
alert-using-same-key-card-three-or-more-times-in-a-one-hour-period,1
find-valid-matrix-given-row-and-column-sums,0
even-odd-tree,1
maximal-network-rank,1
split-two-strings-to-make-palindrome,0
find-peak-element,1
coordinate-with-maximum-network-quality,1
number-of-sets-of-k-non-overlapping-line-segments,1
lexicographically-smallest-string-after-applying-operations,1
best-team-with-no-conflicts,1
arithmetic-subarrays,1
path-with-minimum-effort,1
widest-vertical-area-between-two-points-containing-no-points,1
count-substrings-that-differ-by-one-character,0
count-sorted-vowel-strings,0
furthest-building-you-can-reach,1
minimum-deletions-to-make-character-frequencies-unique,0
sell-diminishing-valued-colored-balls,0
compare-version-numbers,1
minimum-deletions-to-make-string-balanced,0
minimum-jumps-to-reach-home,0
determine-if-two-strings-are-close,1
minimum-operations-to-reduce-x-to-zero,1
fraction-to-recurring-decimal,1
smallest-string-with-a-given-numeric-value,1
ways-to-make-a-fair-array,1
merge-in-between-linked-lists,1
two-sum-ii-input-array-is-sorted,1
design-front-middle-back-queue,1
find-the-most-competitive-subsequence,1
minimum-moves-to-make-array-complementary,0
max-number-of-k-sum-pairs,1
concatenation-of-consecutive-binary-numbers,1
sum-of-absolute-differences-in-a-sorted-array,1
stone-game-vi,1
partitioning-into-minimum-number-of-deci-binary-numbers,1
stone-game-vii,1
maximum-erasure-value,1
jump-game-vi,1
average-waiting-time,1
maximum-binary-string-after-change,0
maximum-number-of-eaten-apples,1
where-will-the-ball-fall,1
count-good-meals,1
ways-to-split-array-into-three-subarrays,0
maximum-score-from-removing-substrings,0
construct-the-lexicographically-largest-valid-sequence,0
factorial-trailing-zeroes,1
swapping-nodes-in-a-linked-list,1
minimize-hamming-distance-after-swap-operations,1
tuple-with-same-product,1
largest-submatrix-with-rearrangements,1
binary-search-tree-iterator,1
minimum-number-of-people-to-teach,0
decode-xored-permutation,1
change-minimum-characters-to-satisfy-one-of-three-conditions,0
find-kth-largest-xor-coordinate-value,1
restore-the-array-from-adjacent-pairs,1
can-you-eat-your-favorite-candy-on-your-favorite-day,0
maximum-absolute-sum-of-any-subarray,0
minimum-length-of-string-after-deleting-similar-ends,1
maximum-score-from-removing-stones,1
largest-merge-of-two-strings,1
count-number-of-homogenous-substrings,0
minimum-limit-of-balls-in-a-bag,1
form-array-by-concatenating-subarrays-of-another-array,1
map-of-highest-peak,1
minimum-number-of-operations-to-move-all-balls-to-each-box,0
closest-dessert-cost,0
equal-sum-arrays-with-minimum-number-of-operations,0
check-if-number-is-a-sum-of-powers-of-three,1
sum-of-beauty-of-all-substrings,1
minimum-elements-to-add-to-form-a-given-sum,1
number-of-restricted-paths-from-first-to-last-node,0
largest-number,1
maximum-average-pass-ratio,0
design-authentication-manager,1
maximum-number-of-consecutive-values-you-can-make,1
number-of-orders-in-the-backlog,1
maximum-value-at-a-given-index-in-a-bounded-array,0
minimum-number-of-operations-to-reinitialize-a-permutation,1
evaluate-the-bracket-pairs-of-a-string,1
sentence-similarity-iii,0
count-nice-pairs-in-an-array,1
finding-the-users-active-minutes,1
minimum-absolute-sum-difference,0
find-the-winner-of-the-circular-game,1
minimum-sideway-jumps,0
queries-on-number-of-points-inside-a-circle,1
maximum-xor-for-each-query,0
maximum-ice-cream-bars,1
single-threaded-cpu,0
frequency-of-the-most-frequent-element,1
longest-substring-of-all-vowels-in-order,0
seat-reservation-manager,1
maximum-element-after-decreasing-and-rearranging,1
splitting-a-string-into-descending-consecutive-values,0
minimum-adjacent-swaps-to-reach-the-kth-smallest-number,0
maximum-distance-between-a-pair-of-values,0
maximum-subarray-min-product,1
incremental-memory-leak,1
rotating-the-box,0
minimum-number-of-swaps-to-make-the-binary-string-alternating,0
finding-pairs-with-a-certain-sum,1
repeated-dna-sequences,1
minimum-speed-to-arrive-on-time,0
jump-game-vii,1
minimize-maximum-pair-sum-in-array,1
get-biggest-three-rhombus-sums-in-a-grid,0
maximum-value-after-insertion,1
process-tasks-using-servers,1
egg-drop-with-2-eggs-and-n-floors,1
reduction-operations-to-make-the-array-elements-equal,0
minimum-number-of-flips-to-make-the-binary-string-alternating,1
rotate-array,1
find-the-student-that-will-replace-the-chalk,1
largest-magic-square,0
maximum-number-of-removable-characters,0
merge-triplets-to-form-target-triplet,1
find-a-peak-element-ii,0
the-number-of-full-rounds-you-have-played,1
count-sub-islands,0
minimum-absolute-difference-queries,1
remove-all-occurrences-of-a-substring,1
maximum-alternating-subsequence-sum,0
cyclically-rotating-a-grid,0
number-of-wonderful-substrings,1
eliminate-maximum-number-of-monsters,1
count-good-numbers,1
nearest-exit-from-entrance-in-maze,1
sum-game,0
unique-length-3-palindromic-subsequences,0
add-minimum-number-of-rungs,1
maximum-number-of-points-with-cost,1
the-number-of-the-smallest-unoccupied-chair,0
describe-the-painting,1
largest-number-after-mutating-substring,0
maximum-compatibility-score-sum,1
maximum-number-of-weeks-for-which-you-can-work,1
minimum-garden-perimeter-to-collect-enough-apples,0
check-if-move-is-legal,0
minimum-total-space-wasted-with-k-resizing-operations,0
remove-stones-to-minimize-the-total,0
minimum-number-of-swaps-to-make-the-string-balanced,0
array-with-elements-not-equal-to-average-of-neighbors,1
minimum-non-zero-product-of-the-array-elements,0
maximum-matrix-sum,1
number-of-ways-to-arrive-at-destination,0
house-robber,1
find-unique-binary-string,1
minimize-the-difference-between-target-and-chosen-elements,0
find-the-kth-largest-integer-in-the-array,1
minimum-number-of-work-sessions-to-finish-the-tasks,0
binary-tree-right-side-view,1
find-all-groups-of-farmland,1
operations-on-tree,1
the-number-of-weak-characters-in-the-game,1
first-day-where-you-have-been-in-all-the-rooms,1
number-of-islands,1
number-of-pairs-of-interchangeable-rectangles,1
maximum-product-of-the-length-of-two-palindromic-subsequences,0
find-original-array-from-doubled-array,1
maximum-earnings-from-taxi,0
bitwise-and-of-numbers-range,0
sum-of-beauty-in-the-array,0
detect-squares,1
grid-game,0
check-if-word-can-be-placed-in-crossword,1
number-of-pairs-of-strings-with-concatenation-equal-to-target,1
maximize-the-confusion-of-an-exam,1
find-missing-observations,0
stone-game-ix,0
minimum-operations-to-make-a-uni-value-grid,0
stock-price-fluctuation,0
remove-colored-pieces-if-both-neighbors-are-the-same-color,0
the-time-when-the-network-becomes-idle,0
count-primes,0
simple-bank-system,1
count-number-of-maximum-bitwise-or-subsets,1
next-greater-numerically-balanced-number,0
count-nodes-with-the-highest-score,0
two-best-non-overlapping-events,0
plates-between-candles,0
find-the-minimum-and-maximum-number-of-nodes-between-critical-points,0
minimum-operations-to-convert-number,0
vowels-of-all-substrings,1
minimized-maximum-of-products-distributed-to-any-store,0
walking-robot-simulation-ii,1
course-schedule,1
most-beautiful-item-for-each-query,0
reverse-nodes-in-even-length-groups,0
decode-the-slanted-ciphertext,0
watering-plants,0
implement-trie-prefix-tree,1
range-frequency-queries,1
minimum-number-of-food-buckets-to-feed-the-hamsters,0
minimum-cost-homecoming-of-a-robot-in-a-grid,0
minimum-size-subarray-sum,1
k-radius-subarray-averages,1
removing-minimum-and-maximum-from-array,0
delete-the-middle-node-of-a-linked-list,1
step-by-step-directions-from-a-binary-tree-node-to-another,0
course-schedule-ii,1
find-good-days-to-rob-the-bank,1
detonate-the-maximum-bombs,0
sum-of-subarray-ranges,1
watering-plants-ii,0
adding-spaces-to-a-string,0
design-add-and-search-words-data-structure,1
number-of-smooth-descent-periods-of-a-stock,1
find-all-possible-recipes-from-given-supplies,0
check-if-a-parentheses-string-can-be-valid,0
execution-of-all-suffix-instructions-staying-in-a-grid,1
intervals-between-identical-elements,1
number-of-laser-beams-in-a-bank,0
destroying-asteroids,0
house-robber-ii,1
maximum-twin-sum-of-a-linked-list,0
longest-palindrome-by-concatenating-two-letter-words,0
minimum-swaps-to-group-all-1s-together-ii,0
count-words-obtained-after-adding-a-letter,0
minimum-moves-to-reach-target-score,0
solving-questions-with-brainpower,0
count-the-hidden-sequences,0
k-highest-ranked-items-within-a-price-range,0
rearrange-array-elements-by-sign,0
kth-largest-element-in-an-array,1
find-all-lonely-numbers-in-the-array,1
all-divisions-with-the-highest-score-of-a-binary-array,0
combination-sum-iii,1
partition-array-according-to-given-pivot,0
minimum-cost-to-set-cooking-time,0
smallest-value-of-the-rearranged-number,0
design-bitset,0
minimum-operations-to-make-the-array-alternating,0
removing-minimum-number-of-magic-beans,0
find-three-consecutive-integers-that-sum-to-a-given-number,1
maximum-split-of-positive-even-integers,0
merge-nodes-in-between-zeros,0
construct-string-with-repeat-limit,0
minimum-number-of-steps-to-make-two-strings-anagram-ii,0
minimum-time-to-complete-trips,1
sort-the-jumbled-numbers,1
all-ancestors-of-a-node-in-a-directed-acyclic-graph,1
append-k-integers-with-minimal-sum,0
create-binary-tree-from-descriptions,0
count-artifacts-that-can-be-extracted,1
maximize-the-topmost-element-after-k-moves,0
maximize-number-of-subsequences-in-a-string,0
minimum-operations-to-halve-array-sum,0
maximal-square,1
count-collisions-on-a-road,0
maximum-points-in-an-archery-competition,0
minimum-deletions-to-make-array-beautiful,0
find-palindrome-with-fixed-length,0
count-complete-tree-nodes,1
find-triangular-sum-of-an-array,1
number-of-ways-to-select-buildings,0
find-players-with-zero-or-one-losses,0
maximum-candies-allocated-to-k-children,1
rectangle-area,1
minimize-result-by-adding-parentheses-to-expression,0
maximum-product-after-k-increments,0
number-of-ways-to-buy-pens-and-pencils,0
design-an-atm-machine,0
minimum-rounds-to-complete-all-tasks,0
maximum-trailing-zeros-in-a-cornered-path,0
count-lattice-points-inside-a-circle,0
count-number-of-rectangles-containing-each-point,1
minimum-average-difference,0
count-unguarded-cells-in-the-grid,1
minimum-consecutive-cards-to-pick-up,1
k-divisible-elements-subarrays,0
count-nodes-equal-to-average-of-subtree,0
count-number-of-texts,0
basic-calculator-ii,1
number-of-ways-to-split-array,0
maximum-white-tiles-covered-by-a-carpet,0
maximum-consecutive-floors-without-special-floors,0
largest-combination-with-bitwise-and-greater-than-zero,1
maximum-bags-with-full-capacity-of-rocks,0
minimum-lines-to-represent-a-line-chart,0
sender-with-largest-word-count,1
maximum-total-importance-of-roads,0
apply-discount-to-prices,0
steps-to-make-array-non-decreasing,0
majority-element-ii,1
partition-array-such-that-maximum-difference-is-k,1
replace-elements-in-an-array,1
kth-smallest-element-in-a-bst,1
successful-pairs-of-spells-and-potions,1
minimum-path-cost-in-a-grid,1
fair-distribution-of-cookies,0
sum-of-numbers-with-units-digit-k,0
longest-binary-subsequence-less-than-or-equal-to-k,0
count-unreachable-pairs-of-nodes-in-an-undirected-graph,0
maximum-xor-after-operations,0
count-number-of-ways-to-place-houses,0
spiral-matrix-iv,1
number-of-people-aware-of-a-secret,0
the-latest-time-to-catch-a-bus,0
minimum-sum-of-squared-difference,0
smallest-number-in-infinite-set,1
move-pieces-to-obtain-a-string,0
max-sum-of-a-pair-with-equal-sum-of-digits,1
query-kth-smallest-trimmed-number,0
number-of-zero-filled-subarrays,0
design-a-number-container-system,1
lowest-common-ancestor-of-a-binary-search-tree,1
equal-row-and-column-pairs,0
design-a-food-rating-system,1
maximum-number-of-groups-entering-a-competition,0
find-closest-node-to-given-two-nodes,0
lowest-common-ancestor-of-a-binary-tree,1
count-number-of-bad-pairs,1
task-scheduler-ii,0
reachable-nodes-with-restrictions,0
check-if-there-is-a-valid-partition-for-the-array,1
delete-node-in-a-linked-list,1
longest-ideal-subsequence,1
node-with-highest-edge-score,1
construct-smallest-number-from-di-string,1
product-of-array-except-self,1
time-needed-to-rearrange-a-binary-string,1
shifting-letters-ii,0
largest-palindromic-number,0
amount-of-time-for-binary-tree-to-be-infected,0
removing-stars-from-a-string,0
minimum-amount-of-time-to-collect-garbage,0
strictly-palindromic-number,1
maximum-rows-covered-by-columns,0
search-a-2d-matrix-ii,1
number-of-ways-to-reach-a-position-after-exactly-k-steps,0
longest-nice-subarray,0
optimal-partition-of-string,0
divide-intervals-into-minimum-number-of-groups,0
different-ways-to-add-parentheses,0
maximum-matching-of-players-with-trainers,1
smallest-subarrays-with-maximum-bitwise-or,0
length-of-the-longest-alphabetical-continuous-substring,1
reverse-odd-levels-of-binary-tree,0
longest-subarray-with-maximum-bitwise-and,0
find-all-good-indices,0
longest-uploaded-prefix,0
bitwise-xor-of-all-pairings,1
maximum-sum-of-an-hourglass,1
minimize-xor,0
find-the-original-array-of-prefix-xor,0
using-a-robot-to-print-the-lexicographically-smallest-string,0
range-product-queries-of-powers,0
minimize-maximum-of-array,0
count-number-of-distinct-integers-after-reverse-operations,1
sum-of-number-and-its-reverse,1
number-of-subarrays-with-gcd-equal-to-k,1
words-within-two-edits-of-dictionary,1
destroy-sequential-targets,1
most-popular-video-creator,0
minimum-addition-to-make-integer-beautiful,0
maximum-sum-of-distinct-subarrays-with-length-k,0
total-cost-to-hire-k-workers,0
count-ways-to-build-good-strings,0
most-profitable-path-in-a-tree,0
number-of-subarrays-with-lcm-equal-to-k,1
minimum-number-of-operations-to-sort-a-binary-tree-by-level,0
closest-nodes-queries-in-a-binary-search-tree,1
minimum-fuel-cost-to-report-to-the-capital,0
difference-between-ones-and-zeros-in-row-and-column,1
minimum-penalty-for-a-shop,0
append-characters-to-string-to-make-subsequence,1
remove-nodes-from-linked-list,0
divide-players-into-teams-of-equal-skill,0
minimum-score-of-a-path-between-two-cities,0
maximum-star-sum-of-a-graph,0
frog-jump-ii,0
longest-square-streak-in-an-array,0
design-memory-allocator,0
smallest-value-after-replacing-with-sum-of-prime-factors,0
reward-top-k-students,1
minimize-the-maximum-of-two-arrays,0
take-k-of-each-character-from-left-and-right,0
maximum-tastiness-of-candy-basket,0
distinct-prime-factors-of-product-of-array,1
partition-string-into-substrings-with-values-at-most-k,0
closest-prime-numbers-in-range,1
find-consecutive-integers-from-a-data-stream,1
find-xor-beauty-of-array,0
maximal-score-after-applying-k-operations,1
make-number-of-distinct-characters-equal,0
increment-submatrices-by-one,1
count-the-number-of-good-subarrays,0
minimum-operations-to-make-array-equal-ii,0
maximum-subsequence-score,0
sort-the-students-by-their-kth-score,1
apply-bitwise-operations-to-make-strings-equal,0
count-collisions-of-monkeys-on-a-polygon,0
maximum-number-of-integers-to-choose-from-a-range-i,1
maximize-win-from-two-segments,0
disconnect-path-in-a-binary-matrix-by-at-most-one-flip,1
count-vowel-strings-in-ranges,0
house-robber-iv,0
count-the-number-of-fair-pairs,1
substring-xor-queries,0
minimum-score-by-changing-two-elements,0
minimum-impossible-or,0
minimum-operations-to-reduce-an-integer-to-0,0
count-the-number-of-square-free-subsets,0
find-the-divisibility-array-of-a-string,0
find-the-maximum-number-of-marked-indices,0
count-total-number-of-colored-cells,0
count-ways-to-group-overlapping-ranges,0
kth-largest-sum-in-a-binary-tree,1
rearrange-array-to-maximize-prefix-score,0
count-the-number-of-beautiful-subarrays,1
maximize-greatness-of-an-array,0
find-score-of-an-array-after-marking-all-elements,1
minimum-time-to-repair-cars,0
check-knight-tour-configuration,0
the-number-of-beautiful-subsets,0
smallest-missing-non-negative-integer-after-operations,0
single-number-iii,1
prime-subtraction-operation,0
minimum-operations-to-make-all-array-elements-equal,0
find-the-substring-with-maximum-cost,0
make-k-subarray-sums-equal,0
convert-an-array-into-a-2d-array-with-conditions,0
mice-and-cheese,0
sum-of-distances,1
minimize-the-maximum-difference-of-pairs,0
ugly-number-ii,1
h-index,1
h-index-ii,1
perfect-squares,1
peeking-iterator,1
find-the-duplicate-number,1
game-of-life,0
bulls-and-cows,1
longest-increasing-subsequence,1
range-sum-query-2d-immutable,1
additive-number,1
range-sum-query-mutable,1
best-time-to-buy-and-sell-stock-with-cooldown,0
minimum-height-trees,1
super-ugly-number,1
remove-duplicate-letters,1
maximum-product-of-word-lengths,1
bulb-switcher,1
coin-change,1
wiggle-sort-ii,1
odd-even-linked-list,1
verify-preorder-serialization-of-a-binary-tree,0
increasing-triplet-subsequence,1
house-robber-iii,0
flatten-nested-list-iterator,1
integer-break,1
top-k-frequent-elements,1
design-twitter,1
count-numbers-with-unique-digits,0
water-and-jug-problem,1
largest-divisible-subset,1
sum-of-two-integers,1
super-pow,1
find-k-pairs-with-smallest-sums,1
guess-number-higher-or-lower-ii,1
wiggle-subsequence,1
combination-sum-iv,1
kth-smallest-element-in-a-sorted-matrix,1
insert-delete-getrandom-o1,1
linked-list-random-node,1
shuffle-an-array,1
mini-parser,1
lexicographical-numbers,1
longest-absolute-file-path,1
elimination-game,0
utf-8-validation,1
decode-string,1
longest-substring-with-at-least-k-repeating-characters,1
rotate-function,1
integer-replacement,1
random-pick-index,1
evaluate-division,0
nth-digit,1
remove-k-digits,1
queue-reconstruction-by-height,1
arithmetic-slices,1
partition-equal-subset-sum,1
pacific-atlantic-water-flow,1
battleships-in-a-board,1
maximum-xor-of-two-numbers-in-an-array,1
reconstruct-original-digits-from-english,0
longest-repeating-character-replacement,1
construct-quad-tree,1
n-ary-tree-level-order-traversal,1
flatten-a-multilevel-doubly-linked-list,1
minimum-genetic-mutation,1
non-overlapping-intervals,1
find-right-interval,1
path-sum-iii,1
find-all-anagrams-in-a-string,1
find-all-duplicates-in-an-array,1
string-compression,1
add-two-numbers-ii,0
number-of-boomerangs,1
serialize-and-deserialize-bst,1
delete-node-in-a-bst,1
sort-characters-by-frequency,1
minimum-number-of-arrows-to-burst-balloons,1
minimum-moves-to-equal-array-elements,1
4sum-ii,1
132-pattern,1
circular-array-loop,0
minimum-moves-to-equal-array-elements-ii,1
can-i-win,1
unique-substrings-in-wraparound-string,1
validate-ip-address,1
implement-rand10-using-rand7,0
matchsticks-to-square,1
ones-and-zeroes,1
heaters,0
total-hamming-distance,1
generate-random-point-in-a-circle,1
magical-string,1
predict-the-winner,0
non-decreasing-subsequences,1
target-sum,1
random-point-in-non-overlapping-rectangles,1
diagonal-traverse,1
next-greater-element-ii,1
most-frequent-subtree-sum,1
find-bottom-left-tree-value,1
find-largest-value-in-each-tree-row,1
longest-palindromic-subsequence,1
coin-change-ii,1
random-flip-matrix,1
longest-uncommon-subsequence-ii,1
continuous-subarray-sum,1
longest-word-in-dictionary-through-deleting,1
contiguous-array,1
beautiful-arrangement,1
random-pick-with-weight,0
minesweeper,1
k-diff-pairs-in-an-array,1
encode-and-decode-tinyurl,1
complex-number-multiplication,1
convert-bst-to-greater-tree,1
minimum-time-difference,0
single-element-in-a-sorted-array,1
01-matrix,1
number-of-provinces,1
optimal-division,1
brick-wall,1
next-greater-element-iii,1
logical-or-of-two-binary-grids-represented-as-quad-trees,1
subarray-sum-equals-k,1
array-nesting,1
permutation-in-string,0
out-of-boundary-paths,1
shortest-unsorted-continuous-subarray,1
delete-operation-for-two-strings,1
fraction-addition-and-subtraction,0
valid-square,0
find-duplicate-file-in-system,1
valid-triangle-number,1
task-scheduler,1
design-circular-queue,1
add-one-row-to-tree,1
sum-of-square-numbers,1
exclusive-time-of-functions,1
shopping-offers,1
solve-the-equation,0
design-circular-deque,1
maximum-length-of-pair-chain,1
palindromic-substrings,1
replace-words,1
dota2-senate,0
2-keys-keyboard,1
find-duplicate-subtrees,1
maximum-binary-tree,1
print-binary-tree,1
find-k-closest-elements,1
split-array-into-consecutive-subsequences,1
maximum-width-of-binary-tree,1
non-decreasing-array,1
beautiful-arrangement-ii,0
trim-a-binary-search-tree,1
maximum-swap,1
bulb-switcher-ii,0
number-of-longest-increasing-subsequence,1
implement-magic-dictionary,1
map-sum-pairs,1
valid-parenthesis-string,1
redundant-connection,0
repeated-string-match,1
longest-univalue-path,1
knight-probability-in-chessboard,1
employee-importance,1
top-k-frequent-words,1
max-area-of-island,1
partition-to-k-equal-sum-subsets,1
insert-into-a-binary-search-tree,1
design-linked-list,1
minimum-ascii-delete-sum-for-two-strings,1
subarray-product-less-than-k,1
best-time-to-buy-and-sell-stock-with-transaction-fee,0
maximum-length-of-repeated-subarray,1
longest-word-in-dictionary,1
accounts-merge,0
remove-comments,1
split-linked-list-in-parts,1
my-calendar-i,1
my-calendar-ii,1
asteroid-collision,1
monotone-increasing-digits,1
daily-temperatures,1
delete-and-earn,0
network-delay-time,1
open-the-lock,1
reach-a-number,0
pyramid-transition-matrix,0
partition-labels,1
largest-plus-sign,0
reorganize-string,0
max-chunks-to-make-sorted,1
global-and-local-inversions,1
swap-adjacent-in-lr-string,1
k-th-symbol-in-grammar,1
rabbits-in-forest,1
letter-case-permutation,1
is-graph-bipartite,1
k-th-smallest-prime-fraction,0
cheapest-flights-within-k-stops,1
rotated-digits,1
escape-the-ghosts,1
domino-and-tromino-tiling,1
custom-sort-string,1
number-of-matching-subsequences,1
valid-tic-tac-toe-state,1
number-of-subarrays-with-bounded-maximum,0
all-paths-from-source-to-target,1
champagne-tower,0
find-eventual-safe-states,0
max-increase-to-keep-city-skyline,1
soup-servings,1
expressive-words,1
subdomain-visit-count,1
largest-sum-of-averages,0
binary-tree-pruning,1
ambiguous-coordinates,0
linked-list-components,0
short-encoding-of-words,0
card-flipping-game,1
binary-trees-with-factors,1
friends-of-appropriate-ages,1
most-profit-assigning-work,1
masking-personal-information,1
find-and-replace-in-string,0
image-overlap,1
new-21-game,0
push-dominoes,1
magic-squares-in-grid,0
keys-and-rooms,1
split-array-into-fibonacci-sequence,1
longest-mountain-in-array,1
hand-of-straights,1
shifting-letters,1
maximize-distance-to-closest-person,1
loud-and-rich,1
peak-index-in-a-mountain-array,1
car-fleet,1
exam-room,1
score-of-parentheses,1
mirror-reflection,0
score-after-flipping-matrix,1
all-nodes-distance-k-in-binary-tree,0
smallest-subtree-with-all-the-deepest-nodes,0
prime-palindrome,0
reordered-power-of-2,0
advantage-shuffle,0
length-of-longest-fibonacci-subsequence,1
walking-robot-simulation,1
koko-eating-bananas,1
stone-game,1
decoded-string-at-index,1
boats-to-save-people,1
spiral-matrix-iii,0
possible-bipartition,1
construct-binary-tree-from-preorder-and-postorder-traversal,1
find-and-replace-pattern,1
groups-of-special-equivalent-strings,1
all-possible-full-binary-trees,1
bitwise-ors-of-subarrays,1
rle-iterator,1
online-stock-span,1
fruit-into-baskets,0
sum-of-subarray-minimums,1
snakes-and-ladders,1
smallest-range-ii,1
online-election,1
sort-an-array,1
partition-array-into-disjoint-intervals,1
word-subsets,1
maximum-sum-circular-subarray,1
complete-binary-tree-inserter,0
minimum-add-to-make-parentheses-valid,1
3sum-with-multiplicity,0
flip-string-to-monotone-increasing,0
binary-subarrays-with-sum,1
minimum-falling-path-sum,1
beautiful-array,1
shortest-bridge,1
knight-dialer,1
reorder-data-in-log-files,1
minimum-area-rectangle,1
minimum-increment-to-make-array-unique,1
validate-stack-sequences,1
most-stones-removed-with-same-row-or-column,0
bag-of-tokens,1
largest-time-for-given-digits,1
reveal-cards-in-increasing-order,0
flip-equivalent-binary-trees,1
array-of-doubled-pairs,1
delete-columns-to-make-sorted-ii,0
prison-cells-after-n-days,0
check-completeness-of-a-binary-tree,1
regions-cut-by-slashes,1
maximum-width-ramp,1
minimum-area-rectangle-ii,0
vowel-spellchecker,1
numbers-with-same-consecutive-differences,1
pancake-sorting,1
powerful-integers,1
flip-binary-tree-to-match-preorder-traversal,1
k-closest-points-to-origin,1
subarray-sums-divisible-by-k,1
longest-turbulent-subarray,1
distribute-coins-in-binary-tree,1
time-based-key-value-store,1
minimum-cost-for-tickets,1
string-without-aaa-or-bbb,1
sum-of-even-numbers-after-queries,1
interval-list-intersections,1
smallest-string-starting-from-leaf,1
satisfiability-of-equality-equations,1
broken-calculator,1
rotting-oranges,0
maximum-binary-tree-ii,1
median-of-two-sorted-arrays,1
regular-expression-matching,1
merge-k-sorted-lists,1
reverse-nodes-in-k-group,1
substring-with-concatenation-of-all-words,1
longest-valid-parentheses,1
sudoku-solver,1
first-missing-positive,0
trapping-rain-water,1
wildcard-matching,1
n-queens,0
n-queens-ii,1
permutation-sequence,1
valid-number,1
text-justification,1
edit-distance,1
minimum-window-substring,1
largest-rectangle-in-histogram,1
maximal-rectangle,0
scramble-string,1
minimum-cost-to-merge-stones,0
grid-illumination,1
numbers-with-repeated-digits,0
recover-a-tree-from-preorder-traversal,0
stream-of-characters,1
escape-a-large-maze,0
longest-duplicate-substring,1
number-of-submatrices-that-sum-to-target,1
shortest-common-supersequence,1
find-in-mountain-array,1
brace-expansion-ii,0
parsing-a-boolean-expression,0
smallest-sufficient-team,1
longest-chunked-palindrome-decomposition,0
distinct-subsequences,1
online-majority-element-in-subarray,0
last-substring-in-lexicographical-order,1
dinner-plate-stacks,0
number-of-valid-words-for-each-puzzle,1
make-array-strictly-increasing,0
critical-connections-in-a-network,1
sort-items-by-groups-respecting-dependencies,0
design-skiplist,0
minimum-moves-to-reach-target-with-rotations,0
count-vowels-permutation,1
dice-roll-simulation,0
maximum-equal-frequency,0
best-time-to-buy-and-sell-stock-iii,1
maximum-profit-in-job-scheduling,1
binary-tree-maximum-path-sum,1
tiling-a-rectangle-with-the-fewest-squares,0
check-if-it-is-a-good-array,1
maximum-score-words-formed-by-letters,0
word-ladder-ii,1
minimum-moves-to-move-a-box-to-their-target-location,0
number-of-ways-to-stay-in-the-same-place-after-some-steps,1
word-ladder,1
palindrome-partitioning-iii,1
minimum-number-of-flips-to-convert-binary-matrix-to-zero-matrix,0
minimum-falling-path-sum-ii,0
shortest-path-in-a-grid-with-obstacles-elimination,0
maximum-candies-you-can-get-from-boxes,0
number-of-paths-with-max-score,0
verbal-arithmetic-puzzle,0
minimum-insertion-steps-to-make-a-string-palindrome,1
distinct-echo-substrings,1
palindrome-partitioning-ii,1
minimum-distance-to-type-a-word-using-two-fingers,0
minimum-number-of-taps-to-open-to-water-a-garden,0
reverse-subarray-to-maximize-array-value,0
minimum-difficulty-of-a-job-schedule,1
jump-game-v,1
jump-game-iv,0
maximum-students-taking-exam,0
candy,1
construct-target-array-with-multiple-sums,0
count-all-valid-pickup-and-delivery-options,1
largest-multiple-of-three,0
minimum-cost-to-make-at-least-one-valid-path-in-a-grid,0
maximum-sum-bst-in-binary-tree,1
frog-position-after-t-seconds,0
maximum-performance-of-a-team,1
pizza-with-3n-slices,0
longest-happy-prefix,0
find-all-good-strings,0
word-break-ii,1
reducing-dishes,0
stone-game-iii,1
number-of-ways-to-paint-n-3-grid,0
restore-the-array,1
build-array-where-you-can-find-the-maximum-exactly-k-comparisons,1
constrained-subsequence-sum,1
number-of-ways-to-wear-different-hats-to-each-other,1
find-the-kth-smallest-sum-of-a-matrix-with-sorted-rows,0
number-of-ways-of-cutting-a-pizza,1
form-largest-integer-with-digits-that-add-up-to-target,0
maximum-number-of-darts-inside-of-a-circular-dartboard,0
max-dot-product-of-two-subsequences,1
cherry-pickup-ii,0
probability-of-a-two-boxes-having-the-same-number-of-distinct-balls,0
paint-house-iii,0
allocate-mailboxes,0
kth-ancestor-of-a-tree-node,1
find-critical-and-pseudo-critical-edges-in-minimum-spanning-tree,0
max-points-on-a-line,0
parallel-courses-ii,1
max-value-of-equation,1
minimum-possible-integer-after-at-most-k-adjacent-swaps-on-digits,0
stone-game-iv,1
best-position-for-a-service-centre,1
maximum-number-of-non-overlapping-substrings,1
find-a-value-of-a-mysterious-function-closest-to-target,1
minimum-number-of-increments-on-subarrays-to-form-a-target-array,1
string-compression-ii,0
get-the-maximum-score,1
find-minimum-in-rotated-sorted-array-ii,1
find-longest-awesome-substring,1
minimum-cost-to-cut-a-stick,1
minimum-number-of-days-to-eat-n-oranges,1
stone-game-v,1
minimum-number-of-days-to-disconnect-island,0
number-of-ways-to-reorder-array-to-get-same-bst,0
count-all-possible-routes,1
remove-max-number-of-edges-to-keep-graph-fully-traversable,0
check-if-string-is-transformable-with-substring-sort-operations,0
strange-printer-ii,0
minimum-cost-to-connect-two-groups-of-points,0
maximum-number-of-achievable-transfer-requests,0
find-servers-that-handled-most-number-of-requests,0
maximum-number-of-visible-points,0
minimum-one-bit-operations-to-make-integers-zero,1
count-subtrees-with-max-distance-between-cities,1
fancy-sequence,0
graph-connectivity-with-threshold,1
rank-transform-of-a-matrix,0
number-of-ways-to-form-a-target-string-given-a-dictionary,0
maximum-gap,1
kth-smallest-instructions,1
create-sorted-array-through-instructions,1
distribute-repeating-integers,0
maximize-grid-happiness,0
minimum-initial-energy-to-finish-tasks,0
minimum-number-of-removals-to-make-mountain-array,0
minimize-deviation-in-array,1
minimum-incompatibility,1
delivering-boxes-from-storage-to-ports,0
maximum-height-by-stacking-cuboids,0
checking-existence-of-edge-length-limited-paths,0
minimum-adjacent-swaps-for-k-consecutive-ones,0
maximum-xor-with-an-element-from-array,1
minimum-operations-to-make-a-subsequence,1
number-of-ways-to-reconstruct-a-tree,0
find-minimum-time-to-finish-all-jobs,1
cat-and-mouse-ii,0
count-ways-to-make-array-with-product,0
building-boxes,0
dungeon-game,1
palindrome-partitioning-iv,1
maximum-number-of-events-that-can-be-attended-ii,0
closest-subsequence-sum,0
minimum-degree-of-a-connected-trio-in-a-graph,0
tree-of-coprimes,0
maximum-score-from-performing-multiplication-operations,1
maximize-palindrome-length-from-subsequences,0
car-fleet-ii,1
count-pairs-of-nodes,0
make-the-xor-of-all-segments-equal-to-zero,0
maximum-score-of-a-good-subarray,1
maximize-score-after-n-operations,1
count-pairs-with-xor-in-a-range,1
maximize-number-of-nice-divisors,1
maximum-number-of-groups-getting-fresh-donuts,0
number-of-different-subsequences-gcds,0
finding-mk-average,0
minimum-number-of-operations-to-make-string-sorted,0
find-xor-sum-of-all-pairs-bitwise-and,1
maximum-building-height,0
closest-room,0
minimum-interval-to-include-each-query,0
largest-color-value-in-a-directed-graph,1
sum-of-floored-pairs,0
number-of-ways-to-rearrange-sticks-with-k-sticks-visible,1
stone-game-viii,1
minimum-xor-sum-of-two-arrays,1
best-time-to-buy-and-sell-stock-iv,1
minimum-skips-to-arrive-at-meeting-on-time,0
minimum-space-wasted-from-packaging,0
minimum-cost-to-change-the-final-value-of-expression,0
the-earliest-and-latest-rounds-where-players-compete,0
design-movie-rental-system,1
count-ways-to-build-rooms-in-an-ant-colony,0
longest-common-subpath,0
minimum-cost-to-reach-destination-in-time,0
painting-a-grid-with-three-different-colors,0
merge-bsts-to-create-single-bst,0
maximum-genetic-difference-query,0
number-of-visible-people-in-a-queue,1
delete-duplicate-folders-in-system,0
count-number-of-special-subsequences,1
maximum-product-of-the-length-of-two-palindromic-substrings,0
find-the-longest-valid-obstacle-course-at-each-position,0
last-day-where-you-can-still-cross,0
number-of-ways-to-separate-numbers,0
find-array-given-subset-sums,0
number-of-unique-good-subsequences,0
the-number-of-good-subsets,0
gcd-sort-of-an-array,1
smallest-missing-genetic-value-in-each-subtree,0
minimum-number-of-operations-to-make-array-continuous,0
longest-subsequence-repeated-k-times,0
the-score-of-students-solving-math-expression,0
maximum-number-of-ways-to-partition-an-array,0
smallest-k-length-subsequence-with-occurrences-of-a-letter,0
partition-array-into-two-arrays-to-minimize-sum-difference,0
kth-smallest-product-of-two-sorted-arrays,0
second-minimum-time-to-reach-destination,0
parallel-courses-iii,0
number-of-valid-move-combinations-on-chessboard,0
check-if-an-original-string-exists-given-two-encoded-strings,0
maximum-path-quality-of-a-graph,0
maximum-number-of-tasks-you-can-assign,0
process-restricted-friend-requests,0
sum-of-k-mirror-numbers,1
count-fertile-pyramids-in-a-land,0
find-all-people-with-secret,0
valid-arrangement-of-pairs,0
sequentially-ordinal-rank-tracker,0
maximum-fruits-harvested-after-at-most-k-steps,0
minimum-operations-to-make-the-array-k-increasing,0
abbreviating-the-product-of-a-range,1
word-search-ii,1
recover-the-original-array,0
maximum-employees-to-be-invited-to-a-meeting,0
stamping-the-grid,0
earliest-possible-day-of-full-bloom,0
shortest-palindrome,1
maximum-running-time-of-n-computers,0
number-of-ways-to-divide-a-long-corridor,0
maximum-good-people-based-on-statements,0
find-substring-with-given-hash-value,0
groups-of-strings,0
minimum-difference-in-sums-after-removal-of-elements,0
minimum-time-to-remove-all-cars-containing-illegal-goods,0
maximum-and-sum-of-array,0
count-good-triplets-in-an-array,0
the-skyline-problem,1
count-array-pairs-divisible-by-k,0
minimum-time-to-finish-the-race,0
minimum-number-of-moves-to-make-palindrome,1
replace-non-coprime-numbers-in-array,1
contains-duplicate-iii,1
minimum-weighted-subgraph-with-the-required-paths,0
minimum-white-tiles-after-covering-with-carpets,0
longest-substring-of-one-repeating-character,0
maximum-value-of-k-coins-from-piles,0
sum-of-scores-of-built-strings,0
encrypt-and-decrypt-strings,1
maximum-total-beauty-of-the-gardens,0
basic-calculator,0
maximum-score-of-a-node-sequence,0
longest-path-with-different-adjacent-characters,0
number-of-flowers-in-full-bloom,0
escape-the-spreading-fire,0
total-appeal-of-a-string,1
check-if-there-is-a-valid-parentheses-string-path,0
substring-with-largest-variance,1
count-integers-in-intervals,1
sum-of-total-strength-of-wizards,0
booking-concert-tickets-in-groups,1
minimum-obstacle-removal-to-reach-corner,0
design-a-text-editor,0
match-substring-after-replacement,0
count-subarrays-with-score-less-than-k,0
naming-a-company,0
selling-pieces-of-wood,0
number-of-distinct-roll-sequences,0
maximum-score-of-spliced-array,0
minimum-score-after-removals-on-a-tree,0
number-of-increasing-paths-in-a-grid,0
number-of-digit-one,1
subarray-with-elements-greater-than-varying-threshold,0
count-the-number-of-ideal-arrays,0
minimum-deletions-to-make-array-divisible,0
shortest-impossible-sequence-of-rolls,0
number-of-excellent-pairs,0
longest-cycle-in-a-graph,0
minimum-replacements-to-sort-the-array,0
count-special-integers,1
maximum-segment-sum-after-removals,0
find-the-k-sum-of-an-array,0
sliding-window-maximum,1
build-a-matrix-with-conditions,0
maximum-number-of-robots-within-budget,1
meeting-rooms-iii,0
longest-increasing-subsequence-ii,0
minimum-money-required-before-transactions,0
sum-of-prefix-scores-of-strings,1
number-of-good-paths,0
number-of-pairs-satisfying-inequality,1
maximum-deletions-on-a-string,0
paths-in-matrix-whose-sum-is-divisible-by-k,0
create-components-with-same-value,0
count-subarrays-with-fixed-bounds,0
minimum-cost-to-make-array-equal,0
minimum-number-of-operations-to-make-arrays-similar,0
next-greater-element-iv,0
height-of-binary-tree-after-subtree-removal-queries,0
minimum-total-distance-traveled,0
split-message-based-on-limit,0
maximum-number-of-non-overlapping-palindrome-substrings,0
number-of-beautiful-partitions,0
count-palindromic-subsequences,0
count-subarrays-with-median-k,0
divide-nodes-into-the-maximum-number-of-groups,0
minimum-total-cost-to-make-arrays-unequal,0
maximum-number-of-points-from-grid-queries,0
add-edges-to-make-degrees-of-all-nodes-even,0
cycle-length-queries-in-a-tree,0
count-anagrams,0
number-of-great-partitions,0
maximize-the-minimum-powered-city,0
time-to-cross-a-bridge,0
difference-between-maximum-and-minimum-price-sum,0
check-if-point-is-reachable,0
minimum-cost-to-split-an-array,0
put-marbles-in-bags,0
count-increasing-quadruplets,1
rearranging-fruits,0
subsequence-with-the-minimum-score,0
handling-sum-queries-after-update,0
find-the-string-with-lcp,0
minimum-time-to-visit-a-cell-in-a-grid,1
count-number-of-possible-root-nodes,0
split-the-array-to-make-coprime-products,0
number-of-ways-to-earn-points,0
minimum-time-to-complete-all-tasks,0
collect-coins-in-a-tree,0
shortest-cycle-in-a-graph,0
minimum-reverse-operations,0
minimum-number-of-visited-cells-in-a-grid,0
integer-to-english-words,1
expression-add-operators,1
find-median-from-data-stream,0
serialize-and-deserialize-binary-tree,1
remove-invalid-parentheses,1
burst-balloons,1
count-of-smaller-numbers-after-self,1
create-maximum-number,1
count-of-range-sum,0
longest-increasing-path-in-a-matrix,1
patching-array,1
reconstruct-itinerary,0
self-crossing,0
palindrome-pairs,0
data-stream-as-disjoint-intervals,0
russian-doll-envelopes,1
max-sum-of-rectangle-no-larger-than-k,1
insert-delete-getrandom-o1-duplicates-allowed,1
perfect-rectangle,0
frog-jump,1
trapping-rain-water-ii,1
split-array-largest-sum,1
strong-password-checker,0
all-oone-data-structure,0
k-th-smallest-in-lexicographical-order,1
arithmetic-slices-ii-subsequence,1
poor-pigs,0
lfu-cache,0
count-the-repetitions,1
concatenated-words,0
largest-palindrome-product,1
sliding-window-median,0
smallest-good-base,0
zuma-game,0
reverse-pairs,1
ipo,1
freedom-trail,1
super-washing-machines,1
remove-boxes,1
student-attendance-record-ii,0
find-the-closest-palindrome,1
erect-the-fence,0
tag-validator,1
non-negative-integers-without-consecutive-ones,1
k-inverse-pairs-array,1
course-schedule-iii,1
smallest-range-covering-elements-from-k-lists,1
decode-ways-ii,0
strange-printer,1
kth-smallest-number-in-multiplication-table,1
cut-off-trees-for-golf-event,1
24-game,0
redundant-connection-ii,1
maximum-sum-of-3-non-overlapping-subarrays,0
stickers-to-spell-word,0
falling-squares,0
random-pick-with-blacklist,0
range-module,1
find-k-th-smallest-pair-distance,1
number-of-atoms,0
count-different-palindromic-subsequences,1
my-calendar-iii,1
parse-lisp-expression,0
cherry-pickup,1
prefix-and-suffix-search,1
contain-virus,0
cracking-the-safe,0
set-intersection-size-at-least-two,0
special-binary-string,1
couples-holding-hands,0
max-chunks-to-make-sorted-ii,1
basic-calculator-iv,0
sliding-puzzle,0
swim-in-rising-water,0
reaching-points,1
transform-to-chessboard,1
preimage-size-of-factorial-zeroes-function,1
smallest-rotation-with-highest-score,1
minimum-swaps-to-make-sequences-increasing,1
bricks-falling-when-hit,0
split-array-with-same-average,1
chalkboard-xor-game,0
bus-routes,0
race-car,1
making-a-large-island,0
count-unique-characters-of-all-substrings-of-a-given-string,1
consecutive-numbers-sum,1
sum-of-distances-in-tree,0
similar-string-groups,1
guess-the-word,1
shortest-path-visiting-all-nodes,0
rectangle-area-ii,0
k-similar-strings,0
minimum-cost-to-hire-k-workers,1
shortest-subarray-with-sum-at-least-k,1
shortest-path-to-get-all-keys,0
minimum-number-of-refueling-stops,1
nth-magical-number,1
profitable-schemes,0
reachable-nodes-in-subdivided-graph,0
super-egg-drop,1
sum-of-subsequence-widths,1
maximum-frequency-stack,1
orderly-queue,1
numbers-at-most-n-given-digit-set,0
valid-permutations-for-di-sequence,0
super-palindromes,1
cat-and-mouse,0
number-of-music-playlists,1
minimize-malware-spread,0
three-equal-parts,1
minimize-malware-spread-ii,0
stamping-the-sequence,0
distinct-subsequences-ii,1
find-the-shortest-superstring,0
largest-component-size-by-common-factor,0
tallest-billboard,0
delete-columns-to-make-sorted-iii,0
least-operators-to-express-number,0
binary-tree-cameras,1
equal-rational-numbers,0
odd-even-jump,1
unique-paths-iii,0
triples-with-bitwise-and-equal-to-zero,0
vertical-order-traversal-of-a-binary-tree,0
subarrays-with-k-different-integers,0
minimum-number-of-k-consecutive-bit-flips,1
number-of-squareful-arrays,0
